{
  "name": "TinyStart",
  "version": "0.16.6",
  "title": "TinyStart",
  "author": "Yehn",
  "contact": "",
  "homepage": "",
  "factorio_version": "0.16",
  "dependencies": ["base >= 0.16.17"],
  "description": "A minimalist starter kit with a tier 0 power armor, a mini low-output reactor, and the accoutrements you need for robot construction. As simple as 'Install and Play', but includes optional loadout customization for those looking to tailor their experience, such as using solar power instead."
}